{"cameraMode":{"drawMode":0,"name":"Shaded","section":"Shading Mode"},"sceneLighting":true,"audioPlay":false,"sceneViewState":{"m_AlwaysRefresh":false,"showFog":true,"showSkybox":true,"showFlares":true,"showImageEffects":true,"showParticleSystems":true,"showVisualEffectGraphs":true,"m_FxEnabled":true},"in2DMode":false,"pivot":{"x":2.093191146850586,"y":-0.9356083869934082,"z":7.258424758911133},"rotation":{"x":0.06978990137577057,"y":-0.8473090529441834,"z":0.11509537696838379,"w":0.5137835741043091},"size":11.925186157226563,"orthographic":false}